-- phpMyAdmin SQL Dump
-- version 4.7.7
-- https://www.phpmyadmin.net/
--
-- Хост: 127.0.0.1:3306
-- Час створення: Бер 13 2020 р., 13:07
-- Версія сервера: 5.6.38
-- Версія PHP: 5.5.38

SET SQL_MODE = "NO_AUTO_VALUE_ON_ZERO";
SET AUTOCOMMIT = 0;
START TRANSACTION;
SET time_zone = "+00:00";


/*!40101 SET @OLD_CHARACTER_SET_CLIENT=@@CHARACTER_SET_CLIENT */;
/*!40101 SET @OLD_CHARACTER_SET_RESULTS=@@CHARACTER_SET_RESULTS */;
/*!40101 SET @OLD_COLLATION_CONNECTION=@@COLLATION_CONNECTION */;
/*!40101 SET NAMES utf8mb4 */;

--
-- База даних: `Sdelka`
--

-- --------------------------------------------------------

--
-- Структура таблиці `accesses`
--

DROP TABLE IF EXISTS `accesses`;
CREATE TABLE `accesses` (
  `id` int(11) NOT NULL,
  `name` varchar(100) NOT NULL,
  `component` varchar(225) NOT NULL
) ENGINE=InnoDB DEFAULT CHARSET=utf8;

--
-- Дамп даних таблиці `accesses`
--

INSERT INTO `accesses` (`id`, `name`, `component`) VALUES
(1, 'Адміністратор', ''),
(2, 'Табельник', ''),
(3, 'ОТЗ', '');

-- --------------------------------------------------------

--
-- Структура таблиці `brigada`
--

DROP TABLE IF EXISTS `brigada`;
CREATE TABLE `brigada` (
  `id` int(11) NOT NULL,
  `name_brig` varchar(150) NOT NULL
) ENGINE=InnoDB DEFAULT CHARSET=utf8;

--
-- Дамп даних таблиці `brigada`
--

INSERT INTO `brigada` (`id`, `name_brig`) VALUES
(2, 'Бригада №2'),
(4, 'Бригада №4'),
(5, 'Бригада №3'),
(18, 'Бригада №1'),
(19, 'Бригада №5'),
(20, 'Бригада №6');

-- --------------------------------------------------------

--
-- Структура таблиці `buttons`
--

DROP TABLE IF EXISTS `buttons`;
CREATE TABLE `buttons` (
  `id` int(11) NOT NULL,
  `name_button` varchar(100) NOT NULL,
  `in_row` tinyint(1) NOT NULL DEFAULT '0',
  `id_button` varchar(100) NOT NULL,
  `php_file` varchar(100) NOT NULL,
  `php_file_result` varchar(100) NOT NULL
) ENGINE=InnoDB DEFAULT CHARSET=utf8;

--
-- Дамп даних таблиці `buttons`
--

INSERT INTO `buttons` (`id`, `name_button`, `in_row`, `id_button`, `php_file`, `php_file_result`) VALUES
(1, 'Вихід', 0, 'ExitButton', '', ''),
(2, 'Додати норми', 1, 'AddNormu', 'dovidnuk_ref_data_table.php', ''),
(3, 'Додати працівників', 1, 'AddPrac', 'dovidnuk_ref_data_table.php', ''),
(4, 'Додати', 0, 'AddButton', 'dovidnuk_add_ref_data.php', ''),
(5, 'Завантажити з ІС-ПРО', 0, 'SelectFromIspro', 'dovidnuk_add_ispro.php', ''),
(6, 'Додати підрозділи', 1, 'AddPidrozdil', 'dovidnuk_ref_data_table.php', ''),
(7, 'Задати пароль', 1, 'AddParoll', '', 'dovidnuk_password.php');

-- --------------------------------------------------------

--
-- Структура таблиці `dovidnuku`
--

DROP TABLE IF EXISTS `dovidnuku`;
CREATE TABLE `dovidnuku` (
  `id` int(11) NOT NULL,
  `name_dovid` varchar(100) NOT NULL,
  `code_dovid` int(11) NOT NULL,
  `zagaln` tinyint(1) NOT NULL DEFAULT '1',
  `dov_plus_select` int(11) NOT NULL,
  `select_id_row` varchar(100) NOT NULL,
  `ord` int(11) NOT NULL,
  `first_show` tinyint(1) NOT NULL DEFAULT '1',
  `name_table` varchar(100) NOT NULL,
  `accesses` varchar(10) NOT NULL,
  `is_once` int(1) NOT NULL DEFAULT '0'
) ENGINE=InnoDB DEFAULT CHARSET=utf8;

--
-- Дамп даних таблиці `dovidnuku`
--

INSERT INTO `dovidnuku` (`id`, `name_dovid`, `code_dovid`, `zagaln`, `dov_plus_select`, `select_id_row`, `ord`, `first_show`, `name_table`, `accesses`, `is_once`) VALUES
(2, 'Норми виробітку', 7, 0, 0, '', 1, 1, '', '', 0),
(3, 'Бригади', 1, 1, 0, '', 6, 1, '', '', 0),
(4, 'Одиниці виміру', 2, 1, 0, '', 8, 1, '', '', 0),
(5, 'Підрозділи', 3, 1, 0, '', 4, 1, 'Pidrozdil', '13', 0),
(6, 'Посади', 4, 1, 0, '', 5, 1, '', '', 0),
(7, 'Працівники', 5, 0, 0, '', 3, 1, '', '', 0),
(8, 'Режим роботи', 6, 1, 0, '', 7, 1, '', '', 0),
(9, 'Робочі місця', 9, 0, 0, 'id', 2, 1, 'RM', '', 0),
(10, 'Вид пошти', 8, 1, 0, '', 9, 1, '', '', 0),
(11, 'РМ - норми', 10, 0, 2, 'id_rm', 0, 0, 'RM_normu', '', 0),
(12, 'РМ - працівники', 11, 0, 7, 'id_rm', 0, 0, 'RM_prac', '', 1),
(13, 'Користувачі', 12, 1, 0, 'id', 10, 1, 'Users', '1', 0),
(14, 'Користувачі-Підрозділи', 13, 0, 5, 'id_user', 0, 0, 'user_pidr', '', 0);

-- --------------------------------------------------------

--
-- Структура таблиці `dov_button`
--

DROP TABLE IF EXISTS `dov_button`;
CREATE TABLE `dov_button` (
  `id_dov` int(11) NOT NULL,
  `id_button` int(11) NOT NULL,
  `id_ref_dov` int(11) DEFAULT NULL
) ENGINE=InnoDB DEFAULT CHARSET=utf8;

--
-- Дамп даних таблиці `dov_button`
--

INSERT INTO `dov_button` (`id_dov`, `id_button`, `id_ref_dov`) VALUES
(5, 5, NULL),
(6, 5, NULL),
(7, 5, NULL),
(9, 2, 11),
(9, 3, 12),
(11, 1, NULL),
(12, 1, NULL),
(13, 5, NULL),
(13, 6, 14),
(13, 7, NULL);

-- --------------------------------------------------------

--
-- Структура таблиці `dov_ispro`
--

DROP TABLE IF EXISTS `dov_ispro`;
CREATE TABLE `dov_ispro` (
  `id` int(11) NOT NULL,
  `id_dov` int(11) NOT NULL,
  `name_col` varchar(100) NOT NULL,
  `name_table_ispro` varchar(100) NOT NULL,
  `name_col_ispro` varchar(100) NOT NULL,
  `osnova` int(11) NOT NULL DEFAULT '0',
  `type_col` varchar(10) NOT NULL,
  `isprobase` int(11) NOT NULL DEFAULT '0',
  `table_name` varchar(100) NOT NULL,
  `numb` int(11) NOT NULL DEFAULT '0',
  `ins_upd` int(11) NOT NULL DEFAULT '0',
  `key_table` varchar(100) DEFAULT NULL,
  `key_field` varchar(100) DEFAULT NULL
) ENGINE=InnoDB DEFAULT CHARSET=utf8;

--
-- Дамп даних таблиці `dov_ispro`
--

INSERT INTO `dov_ispro` (`id`, `id_dov`, `name_col`, `name_table_ispro`, `name_col_ispro`, `osnova`, `type_col`, `isprobase`, `table_name`, `numb`, `ins_upd`, `key_table`, `key_field`) VALUES
(1, 5, 'codep', 'SPRPDR', 'sprpdr_pd', 1, 'txt', 0, 'Pidrozdil', 0, 0, NULL, NULL),
(2, 5, 'namep', 'SPRPDR', 'sprpdr_nmfull', 1, 'txt', 0, 'Pidrozdil', 0, 0, NULL, NULL),
(3, 5, 'datN', 'SPRPDR', 'sprpdr_datN', 1, 'dat', 0, 'Pidrozdil', 0, 0, NULL, NULL),
(4, 5, 'datK', 'SPRPDR', 'sprpdr_DatK', 0, 'dat', 0, 'Pidrozdil', 0, 0, NULL, NULL),
(5, 13, 'name_user', '[User]', 'User_FIO', 1, 'txt', 1, 'Users', 0, 0, NULL, NULL),
(6, 13, 'login', '[User]', 'User_Nm', 1, 'txt', 1, 'Users', 0, 0, NULL, NULL),
(7, 13, 'ispro_rcd', '[User]', 'User_Rcd', 1, 'int', 1, 'Users', 0, 0, NULL, NULL),
(8, 7, 'ispro_rcd', 'KPUX', 'Kpu_Rcd', 0, 'int', 0, 'Pracivnuku', 0, 0, NULL, NULL),
(9, 7, 'tab_num', 'KPUX', 'Kpu_tn', 1, 'txt', 0, 'Pracivnuku', 0, 0, NULL, NULL),
(10, 7, 'fio', 'KPUC1', 'Kpu_fio', 0, 'txt', 0, 'Pracivnuku', 1, 1, NULL, NULL),
(11, 7, 'name_pos', 'SprDol', 'SprD_NmIm', 1, 'txt', 0, 'Posada', 2, 0, 'Pracivnuku', 'id_posada'),
(12, 7, 'ispro_rcd', 'SprDol', 'SprD_Cd', 0, 'int', 0, 'Posada', 2, 0, 'Pracivnuku', 'id_posada');

-- --------------------------------------------------------

--
-- Структура таблиці `dov_ispro_param`
--

DROP TABLE IF EXISTS `dov_ispro_param`;
CREATE TABLE `dov_ispro_param` (
  `id` int(11) NOT NULL,
  `id_dov` int(11) NOT NULL,
  `name_par` varchar(100) NOT NULL,
  `value_par` varchar(255) NOT NULL,
  `value_par_field` varchar(100) NOT NULL,
  `numb` int(11) NOT NULL DEFAULT '0'
) ENGINE=InnoDB DEFAULT CHARSET=utf8;

--
-- Дамп даних таблиці `dov_ispro_param`
--

INSERT INTO `dov_ispro_param` (`id`, `id_dov`, `name_par`, `value_par`, `value_par_field`, `numb`) VALUES
(1, 5, 'd', 'date(\'Y-m-d\', time());', '', 0),
(2, 7, 'id', '', 'codep', 0),
(3, 7, 'id', '', 'Kpu_Rcd', 1),
(4, 7, 'id', '', 'Kpu_Rcd', 2);

-- --------------------------------------------------------

--
-- Структура таблиці `dov_ispro_where`
--

DROP TABLE IF EXISTS `dov_ispro_where`;
CREATE TABLE `dov_ispro_where` (
  `id` int(11) NOT NULL,
  `id_dov` int(11) NOT NULL,
  `wheretxt` longtext NOT NULL,
  `table_from` varchar(100) NOT NULL,
  `numb` int(11) NOT NULL DEFAULT '0'
) ENGINE=InnoDB DEFAULT CHARSET=utf8;

--
-- Дамп даних таблиці `dov_ispro_where`
--

INSERT INTO `dov_ispro_where` (`id`, `id_dov`, `wheretxt`, `table_from`, `numb`) VALUES
(1, 5, '(:d between SprPdr_DatN and SprPdr_DatK) and (SprPdr_Rcd not in (select distinct SprPdr_PRcd from SPRPDR))', '', 0),
(2, 7, 'KPUX.Kpu_CdPd=:id and KPUX.Kpu_CdGr=PayGRF.Grf_Cd and PayGrf.Grf_Sat=0 and KPUX.Kpu_rcd = KPUC1.Kpu_rcd and KPUC1.Kpu_DtUvl = \'1876-12-31\'', 'PayGrf, KPUC1', 0),
(3, 7, 'Kpu_Rcd=:id', '', 1),
(4, 7, 'KPUX.Kpu_rcd=:id and KPUX.Kpu_CdDol=SprDol.SprD_Cd ', 'KPUX', 2);

-- --------------------------------------------------------

--
-- Структура таблиці `dov_table`
--

DROP TABLE IF EXISTS `dov_table`;
CREATE TABLE `dov_table` (
  `id` int(11) NOT NULL,
  `id_dov` int(11) NOT NULL,
  `name_col` varchar(100) NOT NULL,
  `name_table` varchar(100) NOT NULL,
  `name_table_row` varchar(100) NOT NULL,
  `type_col` varchar(100) NOT NULL,
  `ord` int(11) NOT NULL DEFAULT '0',
  `ref_table` varchar(100) DEFAULT NULL,
  `ref_key` varchar(100) DEFAULT NULL,
  `ref_row` varchar(100) DEFAULT NULL,
  `setorder` tinyint(1) NOT NULL DEFAULT '0'
) ENGINE=InnoDB DEFAULT CHARSET=utf8;

--
-- Дамп даних таблиці `dov_table`
--

INSERT INTO `dov_table` (`id`, `id_dov`, `name_col`, `name_table`, `name_table_row`, `type_col`, `ord`, `ref_table`, `ref_key`, `ref_row`, `setorder`) VALUES
(1, 3, 'Найменування бригади', 'Brigada', 'name_brig', 'txt', 0, NULL, NULL, NULL, 1),
(2, 4, 'Найменування одиниці виміру', 'Odvumir', 'name_odvumir', 'txt', 0, NULL, NULL, NULL, 1),
(3, 8, 'Найменування режиму роботи', 'Regim_work', 'name_regim', 'txt', 0, NULL, NULL, NULL, 1),
(4, 5, 'Код підрозділу', 'Pidrozdil', 'codep', 'txt', 0, NULL, NULL, NULL, 1),
(5, 5, 'Найменування підрозділу', 'Pidrozdil', 'namep', 'txt', 1, NULL, NULL, NULL, 1),
(6, 10, 'Найменування виду пошти', 'Type_Post', 'name_post', 'txt', 0, NULL, NULL, NULL, 1),
(7, 6, 'Найменування посади повне', 'Posada', 'name_pos', 'txt', 0, NULL, NULL, NULL, 1),
(8, 6, 'Найменування посади скорочене', 'Posada', 'name_pos_skor', 'txt', 1, NULL, NULL, NULL, 0),
(9, 6, 'Бригадир', 'Posada', 'is_brigadir', 'log', 2, NULL, NULL, NULL, 0),
(10, 2, 'Найменування норми', 'Normu', 'name_norma', 'txt', 0, NULL, NULL, NULL, 1),
(12, 2, 'Одиниці виміру', 'Normu', 'id_odvumir', 'int', 2, 'Odvumir', 'id', 'name_odvumir', 0),
(13, 2, 'Розцінка', 'Normu', 'price', 'dec', 3, NULL, NULL, NULL, 0),
(14, 2, 'Норма часу в сек', 'Normu', 'ord_time', 'dec', 4, NULL, NULL, NULL, 0),
(15, 2, 'Примітка', 'Normu', 'prum', 'txt', 5, NULL, NULL, NULL, 0),
(16, 9, 'Найменування робочого місця', 'RM', 'name_rm', 'txt', 0, NULL, NULL, NULL, 1),
(17, 9, 'Вид пошти', 'RM', 'id_post', 'int', 2, 'Type_Post', 'id', 'name_post', 0),
(18, 9, 'Режим роботи', 'RM', 'id_regim', 'int', 3, 'Regim_work', 'id', 'name_regim', 0),
(19, 7, 'ПІБ', 'Pracivnuku', 'fio', 'txt', 1, NULL, NULL, NULL, 1),
(23, 7, 'Табельний номер', 'Pracivnuku', 'tab_num', 'txt', 0, NULL, NULL, NULL, 0),
(24, 7, 'Посада', 'Pracivnuku', 'id_posada', 'int', 5, 'Posada', 'id', 'name_pos', 0),
(25, 7, 'Інвалід', 'Pracivnuku', 'is_inval', 'log', 6, NULL, NULL, NULL, 0),
(26, 5, 'Дата початку дії', 'Pidrozdil', 'datN', 'dat', 2, NULL, NULL, NULL, 0),
(27, 5, 'Дата закінчення дії', 'Pidrozdil', 'datK', 'dat', 3, NULL, NULL, NULL, 0),
(28, 13, 'Ім\'я  користувача', 'Users', 'name_user', 'txt', 0, NULL, NULL, NULL, 1),
(29, 13, 'Логін', 'Users', 'login', 'txt', 0, NULL, NULL, NULL, 0),
(30, 14, 'Код підрозділу', 'Pidrozdil', 'codep', 'txt', 1, 'user_pidr', 'id_pidr', 'id', 0),
(31, 14, 'Найменування підрозділу', 'Pidrozdil', 'namep', 'txt', 2, 'user_pidr', 'id_pidr', 'id', 0),
(32, 14, '', 'Pidrozdil', 'id', 'int', 0, 'user_pidr', 'id_pidr', 'id', 0),
(33, 11, 'Примітка', 'Normu', 'prum', 'txt', 5, NULL, NULL, NULL, 0),
(34, 11, 'Найменування норми', 'Normu', 'name_norma', 'txt', 1, NULL, NULL, NULL, 0),
(36, 11, 'Розцінка', 'Normu', 'price', 'dec', 3, NULL, NULL, NULL, 0),
(37, 11, 'Норма часу в сек', 'Normu', 'ord_time', 'dec', 4, NULL, NULL, NULL, 0),
(38, 11, '', 'Normu', 'id', 'int', 0, 'RM_normu', 'id_normu', 'id', 0),
(40, 12, '', 'Pracivnuku', 'id', 'int', 0, 'RM_prac', 'id_prac', 'id', 0),
(41, 12, 'ПІБ', 'Pracivnuku', 'fio', 'txt', 1, NULL, NULL, NULL, 1),
(42, 12, 'Табельний номер', 'Pracivnuku', 'tab_num', 'txt', 0, NULL, NULL, NULL, 0),
(43, 12, 'Посада', 'Pracivnuku', 'id_posada', 'int', 0, 'Posada', 'id', 'name_pos', 0),
(44, 12, 'Бригада', 'RM_prac', 'id_brig', 'txt', 2, 'Brigada', 'id', 'name_brig', 0),
(45, 12, 'Бригадир', 'RM_prac', 'is_brigadir', 'log', 3, NULL, NULL, NULL, 0),
(46, 11, 'Одиниці виміру', 'Normu', 'id_odvumir', 'int', 2, 'Odvumir', 'id', 'name_odvumir', 0);

-- --------------------------------------------------------

--
-- Структура таблиці `dov_user_select`
--

DROP TABLE IF EXISTS `dov_user_select`;
CREATE TABLE `dov_user_select` (
  `id` int(11) NOT NULL,
  `id_dov` int(11) NOT NULL,
  `field_select` varchar(255) DEFAULT NULL,
  `field_value` varchar(255) DEFAULT NULL,
  `select_pidr` tinyint(1) NOT NULL DEFAULT '0',
  `table_select` varchar(255) NOT NULL,
  `select_where` longtext,
  `field_caption` varchar(255) DEFAULT NULL,
  `table_user_select` varchar(255) DEFAULT NULL,
  `field_user_select` varchar(255) DEFAULT NULL,
  `field_user_view` varchar(255) DEFAULT NULL,
  `field_user_id` varchar(255) DEFAULT NULL,
  `user_table` varchar(255) DEFAULT NULL,
  `user_field` varchar(255) DEFAULT NULL,
  `field_user_type` varchar(10) DEFAULT NULL,
  `is_selected` tinyint(1) DEFAULT '1'
) ENGINE=InnoDB DEFAULT CHARSET=utf8;

--
-- Дамп даних таблиці `dov_user_select`
--

INSERT INTO `dov_user_select` (`id`, `id_dov`, `field_select`, `field_value`, `select_pidr`, `table_select`, `select_where`, `field_caption`, `table_user_select`, `field_user_select`, `field_user_view`, `field_user_id`, `user_table`, `user_field`, `field_user_type`, `is_selected`) VALUES
(1, 7, 'id_pidr', '', 1, 'Pracivnuku', NULL, 'Підрозділ', 'Pidrozdil', 'id', 'namep', 'codep', 'user_pidr', 'id_pidr', 'txt', 1),
(2, 7, NULL, NULL, 0, 'Pracivnuku', 'Pracivnuku.is_delete = 0', NULL, NULL, NULL, NULL, NULL, NULL, NULL, NULL, 1),
(3, 5, 'id', NULL, 1, 'Pidrozdil', NULL, '', 'Users', 'id', 'login', 'id_user', 'user_pidr', 'id_pidr', 'txt', 0),
(4, 9, 'id_pidr', NULL, 1, 'RM', NULL, 'Підрозділ', 'Pidrozdil', 'id', 'namep', 'codep', 'user_pidr', 'id_pidr', 'txt', 1),
(5, 2, 'id_pidr', NULL, 1, 'Normu', NULL, 'Підрозділ', 'Pidrozdil', 'id', 'namep', 'codep', 'user_pidr', 'id_pidr', 'txt', 1);

-- --------------------------------------------------------

--
-- Структура таблиці `normu`
--

DROP TABLE IF EXISTS `normu`;
CREATE TABLE `normu` (
  `id` int(11) NOT NULL,
  `name_norma` varchar(255) NOT NULL,
  `id_odvumir` int(11) NOT NULL,
  `id_pidr` int(11) NOT NULL,
  `price` decimal(10,5) NOT NULL,
  `ord_time` decimal(10,3) NOT NULL,
  `prum` varchar(255) NOT NULL
) ENGINE=InnoDB DEFAULT CHARSET=utf8;

--
-- Дамп даних таблиці `normu`
--

INSERT INTO `normu` (`id`, `name_norma`, `id_odvumir`, `id_pidr`, `price`, `ord_time`, `prum`) VALUES
(2, 'тр 6382', 3, 5, '256.18176', '240.000', ''),
(3, 'вип 6382', 3, 5, '6.98629', '6.545', ''),
(4, 'наб розсип 6822', 3, 5, '41.07659', '36.000', ''),
(5, 'зав розсип 6822', 3, 5, '45.64066', '40.000', ''),
(6, 'зав конт 6822', 3, 5, '373.42385', '327.273', ''),
(7, 'тр 6822', 3, 5, '273.84393', '240.000', ''),
(8, 'погр пал 6822', 3, 5, '1026.91474', '900.000', ''),
(9, 'наб конт 6822', 3, 5, '256.72868', '225.000', ''),
(10, 'зав конт 6822', 3, 5, '373.42385', '327.273', '');

-- --------------------------------------------------------

--
-- Структура таблиці `odvumir`
--

DROP TABLE IF EXISTS `odvumir`;
CREATE TABLE `odvumir` (
  `id` int(11) NOT NULL,
  `name_odvumir` varchar(50) NOT NULL
) ENGINE=InnoDB DEFAULT CHARSET=utf8;

--
-- Дамп даних таблиці `odvumir`
--

INSERT INTO `odvumir` (`id`, `name_odvumir`) VALUES
(1, 'шт.'),
(2, 'кг.'),
(3, 'од.');

-- --------------------------------------------------------

--
-- Структура таблиці `pidrozdil`
--

DROP TABLE IF EXISTS `pidrozdil`;
CREATE TABLE `pidrozdil` (
  `id` int(11) NOT NULL,
  `codep` varchar(20) NOT NULL,
  `namep` varchar(255) NOT NULL,
  `datN` date DEFAULT NULL,
  `datK` date DEFAULT NULL
) ENGINE=InnoDB DEFAULT CHARSET=utf8;

--
-- Дамп даних таблиці `pidrozdil`
--

INSERT INTO `pidrozdil` (`id`, `codep`, `namep`, `datN`, `datK`) VALUES
(1, '01.01.', 'Перший вiддiл', '1876-12-31', '0000-00-00'),
(2, '01.01.', '1', '1876-12-31', NULL),
(3, '01.05.', 'Перший вiддiл', '1876-12-31', NULL),
(4, '02.07.01.', 'База вiдпочинку', '1876-12-31', NULL),
(5, '03.02.', 'Цех обмiну пошти та преси', '1876-12-31', NULL),
(6, '03.03.', 'Цех оброблення мiжнародної пошти', '1876-12-31', NULL),
(7, '03.04.', 'Цех оброблення письмової кореспонденцiї', '1876-12-31', NULL),
(8, '03.05.', 'Диспетчерська служба', '1876-12-31', NULL),
(9, '03.06.', 'Дiльниця обмiну авiапошти (Бориспiль)', '1876-12-31', NULL),
(10, '03.08.', 'Цех оброблення страхової та посилочної пошти', '1876-12-31', NULL),
(11, '999.01', 'Колишні керівники', '1876-12-31', NULL),
(12, '999.02', 'Колишні працівники', '1876-12-31', NULL),
(13, '05.01.', 'Цех обслуговування корпоративних клієнтів', '2012-12-01', NULL),
(14, '01.09.', 'Юридичний відділ', '2013-03-01', NULL),
(15, '03.001', 'Центр управління системою', '2013-11-13', NULL),
(16, '02.01.', 'Цех ремонтно-технічного забезпечення', '2015-04-21', NULL),
(17, '06.01.', 'Відділ організації праці, заробітної плати та кадрової роботи', '2016-12-07', NULL),
(18, '06.01.', 'Відділ організації праці, заробітної плати та кадрової роботи', '2016-12-08', NULL),
(19, '06.02.', 'Відділ підбору, мотивації та розвитку персоналу', '2016-12-07', NULL),
(20, '888', 'Договір ЦПХ', '2016-12-20', NULL),
(21, '01.17.', 'Дільниця охорони ', '2016-12-29', NULL),
(22, '02.06.', 'Відділ технічного забезпечення IT інфраструктури', '2017-02-14', NULL),
(23, '01.04.', 'Відділ контролю якості', '2017-02-15', NULL),
(24, '03.07.', 'Відділ розвитку технології послуг', '2017-02-15', NULL),
(25, '01.18.01.', 'Сектор пожежної безпеки', '2017-05-31', NULL),
(26, '03.15.', 'Дільниця оброблення пошти №1', '2017-09-20', NULL),
(27, '03.16.', 'Дільниця оброблення пошти №2', '2017-09-20', NULL),
(28, '03.17.', 'Дільниця оброблення пошти №3', '2017-09-20', NULL),
(29, '02.27.', 'Інженерно-технічний відділ', '2017-12-31', NULL),
(30, '01.06.', 'Служба охорони працi', '2018-08-01', NULL),
(31, '05.02.', 'Загальний відділ', '2018-08-01', NULL),
(32, '04.01.', 'Відділ матеріально-технічного забезпечення', '2018-08-01', NULL),
(33, '04.03.', 'Планово-економічний відділ', '2018-08-01', NULL),
(34, '07.01.', 'Бухгалтерiя', '2018-08-01', NULL),
(35, '03.09.', 'Цех матеріально-технічного постачання', '2018-08-01', NULL),
(36, '03.10.', 'Цех експедирування', '2018-08-01', NULL),
(37, '02.28.', 'Адміністративно-господарський відділ', '2018-09-01', NULL);

-- --------------------------------------------------------

--
-- Структура таблиці `posada`
--

DROP TABLE IF EXISTS `posada`;
CREATE TABLE `posada` (
  `id` int(11) NOT NULL,
  `name_pos` varchar(255) NOT NULL,
  `name_pos_skor` varchar(100) NOT NULL,
  `is_brigadir` tinyint(1) NOT NULL,
  `ispro_rcd` int(11) NOT NULL
) ENGINE=InnoDB DEFAULT CHARSET=utf8;

--
-- Дамп даних таблиці `posada`
--

INSERT INTO `posada` (`id`, `name_pos`, `name_pos_skor`, `is_brigadir`, `ispro_rcd`) VALUES
(2, 'Оператор поштового зв\'язку 1 класу', '', 0, 378),
(3, 'Оператор поштового звязку 3 класу', '', 0, 380),
(5, 'Черговий відповідальний за обмін пошти', '', 0, 564),
(6, 'Начальник зміни', '', 0, 335);

-- --------------------------------------------------------

--
-- Структура таблиці `pracivnuku`
--

DROP TABLE IF EXISTS `pracivnuku`;
CREATE TABLE `pracivnuku` (
  `id` int(11) NOT NULL,
  `tab_num` varchar(11) NOT NULL,
  `fio` varchar(255) NOT NULL,
  `family` varchar(255) DEFAULT NULL,
  `name` varchar(255) DEFAULT NULL,
  `father` varchar(255) DEFAULT NULL,
  `is_inval` tinyint(1) NOT NULL DEFAULT '0',
  `is_pogod` tinyint(1) DEFAULT NULL,
  `id_posada` int(11) NOT NULL,
  `ispro_rcd` int(11) DEFAULT NULL,
  `id_pidr` int(11) NOT NULL,
  `is_delete` tinyint(1) NOT NULL DEFAULT '0'
) ENGINE=InnoDB DEFAULT CHARSET=utf8;

--
-- Дамп даних таблиці `pracivnuku`
--

INSERT INTO `pracivnuku` (`id`, `tab_num`, `fio`, `family`, `name`, `father`, `is_inval`, `is_pogod`, `id_posada`, `ispro_rcd`, `id_pidr`, `is_delete`) VALUES
(1, '14180011', 'Свириденко Олександр Вікторович', '', '', '', 0, 0, 2, 2886, 5, 0),
(2, '14105659', 'Кізуб Олександр Миколайович', '', '', '', 0, 0, 2, 4285, 5, 0),
(3, '4000000006', 'Дуб Тетяна Ігорівна', '', '', '', 0, 0, 2, 4249, 5, 1),
(4, '14105651', 'Приходько Юрій Михайлович', '', '', '', 0, 0, 2, 4278, 5, 0),
(5, '14105655', 'Тарасенко Вікторія Леонідівна', '', '', '', 0, 0, 3, 4281, 5, 0),
(6, '14105658', 'Микіша Альона Миколаївна', '', '', '', 0, 0, 2, 4284, 5, 0),
(7, '4000000000', 'Омеляшко Людмила Григорівна', '', '', '', 0, 0, 4, 3761, 5, 1),
(8, '14105211', 'Нестеренко Роман Іванович', '', '', '', 0, 0, 2, 3817, 5, 0),
(9, '4000000015', 'Піхурович Ілля Юрійович', '', '', '', 0, 0, 3, 3979, 5, 1),
(10, '14100571', 'Перевозник Олена Степанівна', '', '', '', 0, 0, 2, 1054, 5, 0),
(11, '14100483', 'Більнова Тетяна Миколаївна', '', '', '', 0, 0, 2, 92, 5, 0),
(12, '14101793', 'Лобас Наталія Вікторівна', '', '', '', 0, 0, 2, 2283, 5, 0),
(13, '14105654', 'Твердохлєбова Юлія Вікторівна', '', '', '', 0, 0, 2, 4280, 5, 0),
(14, '14101747', 'Чачіло Віктор Вікторович', '', '', '', 0, 0, 2, 1464, 5, 0),
(15, '14100541', 'Кравченко Василь Миколайович', '', '', '', 0, 0, 2, 683, 5, 0),
(16, '14100557', 'Моргун Тетяна Петрівна', '', '', '', 0, 0, 5, 914, 5, 0),
(17, '14102182', 'Новаківський Андрій Вікторович', '', '', '', 0, 0, 2, 971, 5, 0),
(18, '14101954', 'Новікова Віта Вікторівна', '', '', '', 0, 0, 6, 975, 5, 0),
(19, '14105560', 'Веремійко Євгеній Володимирович', '', '', '', 0, 0, 2, 4184, 5, 0),
(20, '14105578', 'Сватков Анатолій Олександрович', '', '', '', 0, 0, 2, 4202, 5, 0),
(21, '14105624', 'Гармаш Алла Валентинівна', '', '', '', 0, 0, 2, 4218, 5, 0),
(22, '14105640', 'Загороднюк Дмитро Анатолійович', '', '', '', 0, 0, 2, 4267, 5, 0),
(23, '14105488', 'Кладинога Євгеній Олександрович', '', '', '', 0, 0, 2, 4111, 5, 0),
(24, '14105493', 'Подсухін Валентин Ігорович', '', '', '', 0, 0, 3, 4116, 5, 0),
(25, '14105549', 'Тарасюк Дмитро Володимирович', '', '', '', 0, 0, 2, 4174, 5, 0),
(26, '14105310', 'Черкащенко Артем Віталійович', '', '', '', 0, 0, 2, 3929, 5, 0),
(27, '14105322', 'Мазур Ярослав Миколайович', '', '', '', 0, 0, 2, 3933, 5, 0),
(28, '14105044', 'Черкащенко Ольга Віталіївна', '', '', '', 0, 0, 7, 3749, 5, 0),
(29, '14105052', 'Макаренко Сергій Петрович', '', '', '', 0, 0, 2, 3755, 5, 0),
(30, '14105055', 'Черкащенко Анжела Віталіївна', '', '', '', 0, 0, 2, 3757, 5, 0),
(31, '14105059', 'Реба Любов Михайлівна', '', '', '', 0, 0, 2, 3760, 5, 0),
(32, '14105225', 'Костюк Дмитро Вікторович', '', '', '', 0, 0, 7, 3829, 5, 0),
(33, '14105216', 'Аврамчук Наталія Олександрівна', '', '', '', 0, 0, 7, 3830, 5, 0),
(34, '14104885', 'Савченко Ірина Вікторівна', '', '', '', 0, 0, 2, 3594, 5, 0),
(35, '14104933', 'Козел Ніна Олександрівна', '', '', '', 0, 0, 2, 3644, 5, 0),
(36, '14104938', 'Куциба Валентина Андріївна', '', '', '', 0, 0, 2, 3645, 5, 0),
(37, '14104965', 'Шмігельська Тетяна Іванівна', '', '', '', 0, 0, 2, 3679, 5, 0),
(38, '14104970', 'Куценко Людмила Віталіївна', '', '', '', 0, 0, 2, 3680, 5, 0),
(39, '14104547', 'Гавриленко Олексій Олексійович', '', '', '', 0, 0, 2, 3250, 5, 0),
(40, '14104634', 'Качан Марина Володимирівна', '', '', '', 0, 0, 2, 3339, 5, 0),
(41, '14104775', 'Туманенко Тетяна Борисівна', '', '', '', 0, 0, 2, 3474, 5, 0),
(42, '14104193', 'Бондаренко Ірина Іванівна', '', '', '', 0, 0, 2, 2887, 5, 0),
(43, '14104234', 'Савич Світлана Григорівна', '', '', '', 0, 0, 2, 2915, 5, 0),
(44, '14104536', 'Лук\'янець Катерина Миколаївна', '', '', '', 0, 0, 2, 3234, 5, 0),
(45, '14104538', 'Кваша Валентин Анатолійович', '', '', '', 0, 0, 2, 3235, 5, 0),
(46, '14104045', 'Грек Оксана Григорівна', '', '', '', 0, 0, 2, 2731, 5, 0),
(47, '14104157', 'Чужа Алла Миколаївна', '', '', '', 0, 0, 2, 2853, 5, 0),
(48, '14104178', 'Сендецька Галина Павлівна', '', '', '', 0, 0, 2, 2873, 5, 0),
(49, '14102394', 'Устименко Ірина Михайлівна', '', '', '', 0, 0, 2, 1396, 5, 0),
(50, '14102415', 'Хілобок Анна Павлівна', '', '', '', 0, 0, 2, 1435, 5, 0),
(51, '14102632', 'Хілобок Руслан Вікторович', '', '', '', 0, 0, 2, 1436, 5, 0),
(52, '14102766', 'Шульга Світлана Миколаївна', '', '', '', 0, 0, 2, 1561, 5, 0),
(53, '14103891', 'Кіяшко Людмила Олександрівна', '', '', '', 0, 0, 2, 2081, 5, 0),
(54, '14102710', 'Душкевич Валентина Петрівна', '', '', '', 0, 0, 2, 2325, 5, 0),
(55, '14102269', 'Носенко Надія Іванівна', '', '', '', 0, 0, 2, 978, 5, 0),
(56, '14100994', 'Олешко Микола Миколайович', '', '', '', 0, 0, 2, 991, 5, 0),
(57, '14102326', 'Садкова Віра Миколаївна', '', '', '', 0, 0, 2, 1204, 5, 0),
(58, '14102613', 'Семенюк Вікторія Станіславівна', '', '', '', 0, 0, 2, 1238, 5, 0),
(59, '14103122', 'Гулько Людмила Станіславівна', '', '', '', 0, 0, 2, 1242, 5, 0),
(60, '14100555', 'Пономаренко Ірина Романівна', '', '', '', 0, 0, 2, 1111, 5, 0),
(61, '14102467', 'Бурячок Світлана Наурзгаліївна', '', '', '', 0, 0, 2, 167, 5, 0),
(62, '14102997', 'Лилик Віра Петрівна', '', '', '', 0, 0, 2, 774, 5, 0),
(63, '14100551', 'Малько Наталія Миколаївна', '', '', '', 0, 0, 6, 834, 5, 0),
(64, '14105639', 'Білопіл Сергій Олегович', '', '', '', 0, 0, 2, 4266, 5, 0),
(65, '14105652', 'Скринжевський Євгеній Володимирович', '', '', '', 0, 0, 2, 4279, 5, 0),
(66, '14105618', 'Андріяш Сергій Михайлович', '', '', '', 0, 0, 2, 4212, 5, 0),
(67, '14105623', 'Челак Тетяна Юріївна', '', '', '', 0, 0, 2, 4217, 5, 0),
(68, '14105627', 'Кебкал Тетяна Іванівна', '', '', '', 0, 0, 2, 4254, 5, 0),
(69, '14105628', 'Корний Володимир Миколайович', '', '', '', 0, 0, 2, 4255, 5, 0),
(70, '14105631', 'Сідоров Андрій Олександрович', '', '', '', 0, 0, 2, 4258, 5, 0),
(71, '14105636', 'Мархай Дмитро Леонідович', '', '', '', 0, 0, 2, 4263, 5, 0),
(72, '14105537', 'Борис Руслан Олексійович', '', '', '', 0, 0, 2, 4162, 5, 0),
(73, '14105540', 'Криндиш Віталій Валерійович', '', '', '', 0, 0, 2, 4165, 5, 0),
(74, '14105557', 'Єрмоленко Андрій Сергійович', '', '', '', 0, 0, 2, 4181, 5, 0),
(75, '14105561', 'Лесенко Ігор Володимирович', '', '', '', 0, 0, 2, 4185, 5, 0),
(76, '14105563', 'Пономаренко Дмитро Віталійович', '', '', '', 0, 0, 2, 4187, 5, 0),
(77, '14105568', 'Коваль Світлана Олександрівна', '', '', '', 0, 0, 2, 4192, 5, 0),
(78, '14105307', 'Самойленко Вікторія Іванівна', '', '', '', 0, 0, 7, 3927, 5, 0),
(79, '14105335', 'Липовенко Тетяна Миколаївна', '', '', '', 0, 0, 7, 3951, 5, 0),
(80, '14105351', 'Соловей Вікторія Вадимівна', '', '', '', 0, 0, 7, 3968, 5, 0),
(81, '14105357', 'М\'ягка Оксана Дмитрівна', '', '', '', 0, 0, 7, 3974, 5, 0),
(82, '14105362', 'Піхурович Ілля Юрійович', '', '', '', 0, 0, 7, 3980, 5, 0),
(83, '14105092', 'Шевченко Тарас Борисович', '', '', '', 0, 0, 2, 3798, 5, 0),
(84, '14105258', 'Данильченко Олег Анатолійович', '', '', '', 0, 0, 2, 3870, 5, 0),
(85, '14105296', 'Жумаєва Ганна Іванівна', '', '', '', 0, 0, 7, 3919, 5, 0),
(86, '14104966', 'Чмир Тамара В\'ячеславівна', '', '', '', 0, 0, 2, 3681, 5, 0),
(87, '14105027', 'Іванченко Анна Дмитрівна', '', '', '', 0, 0, 5, 3734, 5, 0),
(88, '14105058', 'Омеляшко Людмила Григорівна', '', '', '', 0, 0, 2, 3763, 5, 0),
(89, '14105079', 'Середа Світлана Георгіївна', '', '', '', 0, 0, 2, 3796, 5, 0),
(90, '14104774', 'Кізуб Наталія Володимирівна', '', '', '', 0, 0, 2, 3473, 5, 0),
(91, '14104935', 'Бойченко Алла Миколаївна', '', '', '', 0, 0, 2, 3638, 5, 0),
(92, '14104931', 'Бондаренко Тетяна Володимирівна', '', '', '', 0, 0, 2, 3642, 5, 0),
(93, '14104936', 'Кучерява Тетяна Володимирівна', '', '', '', 0, 0, 2, 3646, 5, 0),
(94, '14104941', 'Медовник Володимир Володимирович', '', '', '', 0, 0, 2, 3652, 5, 0),
(95, '14104973', 'Козаченко Любов Іванівна', '', '', '', 0, 0, 2, 3675, 5, 0),
(96, '14104333', 'Тужиков Олександр Іксанович', '', '', '', 0, 0, 2, 3030, 5, 0),
(97, '14104406', 'Яремчук Віктор Миколайович', '', '', '', 0, 0, 2, 3105, 5, 0),
(98, '14104527', 'Міненко Дмитро Леонідович', '', '', '', 0, 0, 2, 3230, 5, 0),
(99, '14104535', 'Тарасенко Олена Миколаївна', '', '', '', 0, 0, 2, 3236, 5, 0),
(100, '14104565', 'Левчук Оксана Миколаївна', '', '', '', 0, 0, 2, 3270, 5, 0),
(101, '14104577', 'Мальченко Юлія Миколаївна', '', '', '', 0, 0, 2, 3278, 5, 0),
(102, '14102709', 'Волощук Ірина Олексіївна', '', '', '', 0, 0, 2, 2324, 5, 0),
(103, '14104192', 'Акмаєв Вячеслав Юрійович', '', '', '', 0, 0, 2, 2908, 5, 0),
(104, '14103002', 'Саган Ганна Миколаївна', '', '', '', 0, 0, 2, 1202, 5, 0),
(105, '14100590', 'Скурту Іван Костянтинович', '', '', '', 0, 0, 2, 1286, 5, 0),
(106, '14102847', 'Білан Людмила Миколаївна', '', '', '', 0, 0, 2, 1336, 5, 0),
(107, '14102654', 'Лісовський Вадим Юлійович', '', '', '', 0, 0, 2, 2206, 5, 0),
(108, '14103273', 'Митько Віталій Миколайович', '', '', '', 0, 0, 2, 892, 5, 0),
(109, '14100574', 'Пивовар Валентина Вячеславівна', '', '', '', 0, 0, 2, 1078, 5, 0),
(110, '14100976', 'Кірєєва Аліна Миколаївна', '', '', '', 0, 0, 2, 1121, 5, 0),
(111, '14100953', 'Римар Антоніна Іванівна', '', '', '', 0, 0, 2, 1166, 5, 0),
(112, '14100562', 'Рогова Оксана Олексіївна', '', '', '', 0, 0, 2, 1171, 5, 0),
(113, '14103025', 'Ситник Андріана Миколаївна', '', '', '', 0, 0, 2, 324, 5, 0),
(114, '14100268', 'Боженко Лучія Яківна', '', '', '', 0, 0, 2, 113, 5, 0),
(115, '14100507', 'Двигало Наталія Володимирівна', '', '', '', 0, 0, 2, 365, 5, 0),
(116, '14101629', 'Гонца Валентина Михайлівна', '', '', '', 0, 0, 2, 376, 5, 0),
(117, '14100512', 'Калюжна Юлія Олександрівна', '', '', '', 0, 0, 2, 391, 5, 0),
(118, '14100527', 'Каменєва Любов Григорівна', '', '', '', 0, 0, 2, 521, 5, 0),
(119, '14103171', 'Карапиш Святослав Григорович', '', '', '', 0, 0, 2, 529, 5, 0),
(120, '14105558', 'Резвін Віталій Миколайович', '', '', '', 0, 0, 2, 4182, 5, 0),
(121, '14105620', 'Царюк Леся Володимирівна', '', '', '', 0, 0, 2, 4214, 5, 0),
(122, '14105622', 'Івасюк Світлана Петрівна', '', '', '', 0, 0, 2, 4216, 5, 0),
(123, '14105626', 'Лисенко Наталія Михайлівна', '', '', '', 0, 0, 2, 4252, 5, 0),
(124, '14105318', 'Федченко Олександр Анатолійович', '', '', '', 0, 0, 2, 3934, 5, 0),
(125, '14105361', 'Петрушанко Яна Миколаївна', '', '', '', 0, 0, 7, 3978, 5, 0),
(126, '14105369', 'Кундельська Наталя Іванівна', '', '', '', 0, 0, 2, 3987, 5, 0),
(127, '14105409', 'Острянко Василь Васильович', '', '', '', 0, 0, 2, 4027, 5, 0),
(128, '14105545', 'Черкащенко Віталій Олександрович', '', '', '', 0, 0, 2, 4170, 5, 0),
(129, '14105548', 'Савченко Володимир Миколайович', '', '', '', 0, 0, 2, 4173, 5, 0),
(130, '14105046', 'Костюк Альона Миколаївна', '', '', '', 0, 0, 2, 3767, 5, 0),
(131, '14105073', 'Нікітченко Лариса Володимирівна', '', '', '', 0, 0, 2, 3779, 5, 0),
(132, '14105241', 'Шептуха Тетяна Миколаївна', '', '', '', 0, 0, 2, 3846, 5, 0),
(133, '14105253', 'Северин Світлана Валентинівна', '', '', '', 0, 0, 7, 3858, 5, 0),
(134, '14105287', 'Куцокінь Дмитро Юрійович', '', '', '', 0, 0, 2, 3904, 5, 0),
(135, '14104861', 'Ігнатенко Ольга Миколаївна', '', '', '', 0, 0, 2, 3565, 5, 0),
(136, '14104875', 'Дуля Едуард Федорович', '', '', '', 0, 0, 2, 3583, 5, 0),
(137, '14104877', 'Поветкін Микола Миколайович', '', '', '', 0, 0, 2, 3587, 5, 0),
(138, '14104974', 'Якушко Алла Валентинівна', '', '', '', 0, 0, 2, 3676, 5, 0),
(139, '14100468', 'Крупка Сергій Феодосійович', '', '', '', 0, 0, 2, 2501, 5, 0),
(140, '14104066', 'Чікаїдзе Нодар Ясонович', '', '', '', 0, 0, 2, 2756, 5, 0),
(141, '14104108', 'Рябоконь Володимир Вікторович', '', '', '', 0, 0, 2, 2793, 5, 0),
(142, '14100879', 'Чухно Любов Григорівна', '', '', '', 0, 0, 2, 1498, 5, 0),
(143, '14102271', 'Шаповал Володимир Анатолійович', '', '', '', 0, 0, 2, 1502, 5, 0),
(144, '14100383', 'Савченко Юлія Петрівна', '', '', '', 0, 0, 2, 2055, 5, 0),
(145, '14103889', 'Данильченко Олександр Анатолійович', '', '', '', 0, 0, 2, 2079, 5, 0),
(146, '14102600', 'Гончаренко Галина Андріївна', '', '', '', 0, 0, 2, 2158, 5, 0),
(147, '14102678', 'Гук Любов Миколаївна', '', '', '', 0, 0, 2, 2289, 5, 0),
(148, '14100493', 'Гром Валентина Миколаївна', '', '', '', 0, 0, 2, 553, 5, 0),
(149, '14100926', 'Коваль Надія Василівна', '', '', '', 0, 0, 2, 586, 5, 0),
(150, '14102542', 'Лапка Інна Іванівна', '', '', '', 0, 0, 5, 756, 5, 0),
(151, '14100591', 'Сова Оксана Андріївна', '', '', '', 0, 0, 2, 1298, 5, 0),
(152, '14103246', 'Сутула Сергій Михайлович', '', '', '', 0, 0, 2, 1341, 5, 0),
(153, '14102243', 'Філоненко Світлана Іванівна', '', '', '', 0, 0, 2, 1415, 5, 0),
(154, '14100481', 'Бєлік Наталія Іванівна', '', '', '', 0, 0, 6, 67, 5, 0),
(155, '14102547', 'Музика Катерина Миколаївна', '', '', '', 0, 0, 2, 928, 5, 0),
(156, '14100595', 'Столяр Олег Васильович', '', '', '', 0, 0, 2, 1326, 5, 0),
(157, '14104939', 'Мартиненко Оксана Миколаївна', '', '', '', 0, 0, 2, 3640, 5, 0),
(158, '14104937', 'Гузенко Галина Миколаївна', '', '', '', 0, 0, 2, 3643, 5, 0),
(159, '14104194', 'Дембіцька Наталія Володимирівна', '', '', '', 0, 0, 2, 2910, 5, 0),
(160, '14104284', 'Магазій Світлана Олексіївна', '', '', '', 0, 0, 2, 2975, 5, 0),
(161, '14104330', 'Меліхов В`ячеслав Олегович', '', '', '', 0, 0, 2, 3034, 5, 0),
(162, '14104530', 'Софіч Ліна Костянтинівна', '', '', '', 0, 0, 2, 3232, 5, 0),
(163, '14104884', 'Шевчук Тетяна Володимирівна', '', '', '', 0, 0, 2, 3596, 5, 0),
(164, '14101042', 'Антюхова Марина Олександрівна', '', '', '', 0, 0, 2, 18, 5, 0),
(165, '14101668', 'Близнюк Наталія Миколаївна', '', '', '', 0, 0, 2, 98, 5, 0),
(166, '14102881', 'Бриль Тетяна Миколаївна', '', '', '', 0, 0, 2, 153, 5, 0),
(167, '14102391', 'Винник Тетяна Михайлівна', '', '', '', 0, 0, 2, 185, 5, 0),
(168, '14100511', 'Дмитрук Тетяна Іванівна', '', '', '', 0, 0, 2, 390, 5, 0),
(169, '14100266', 'Каплун Людмила Вікторівна', '', '', '', 0, 0, 2, 525, 5, 0),
(170, '14105615', 'Московчук Сергій Васильович', '', '', '', 0, 0, 2, 4209, 5, 0),
(171, '14105535', 'Чупін Павло Володимирович', '', '', '', 0, 0, 2, 4160, 5, 0),
(172, '14105536', 'Стасюк Вячеслав Юрійович', '', '', '', 0, 0, 2, 4161, 5, 0),
(173, '14105539', 'Опришкова Віра Олексіївна', '', '', '', 0, 0, 2, 4164, 5, 0),
(174, '14105550', 'Михайлова Людмила Юріївна', '', '', '', 0, 0, 2, 4175, 5, 0),
(175, '14105552', 'Лисоконь Ольга Сергіївна', '', '', '', 0, 0, 2, 4177, 5, 0),
(176, '14105553', 'Саган Микола Анатолійович', '', '', '', 0, 0, 2, 4178, 5, 0),
(177, '14105354', 'Ільюша Світлана Миколаївна', '', '', '', 0, 0, 7, 3971, 5, 0),
(178, '14105438', 'Бойко Лариса Валентинівна', '', '', '', 0, 0, 2, 4059, 5, 0),
(179, '14105462', 'Корінна Галина Андріївна', '', '', '', 0, 0, 2, 4081, 5, 0),
(180, '14104963', 'Семененко Ніна Миколаївна', '', '', '', 0, 0, 2, 3684, 5, 0),
(181, '14105057', 'Зеленяк Алла Василівна', '', '', '', 0, 0, 2, 3769, 5, 0),
(182, '14105071', 'Докієнко Валентина Іллівна', '', '', '', 0, 0, 2, 3774, 5, 0),
(183, '14105226', 'Лаврінець Марина Олександрівна', '', '', '', 0, 0, 7, 3832, 5, 0),
(184, '14105259', 'Куцокінь Наталія Миколаївна', '', '', '', 0, 0, 7, 3869, 5, 0),
(185, '14104883', 'Живодьорова Наталя Анатоліївна', '', '', '', 0, 0, 2, 3597, 5, 0),
(186, '14104932', 'Вишнівська Лідія Вікторівна', '', '', '', 0, 0, 2, 3639, 5, 0),
(187, '14104934', 'Оніщенко Тамара Анатоліївна', '', '', '', 0, 0, 2, 3641, 5, 0),
(188, '14104953', 'Колесник Наталія Дмитрівна', '', '', '', 0, 0, 2, 3660, 5, 0),
(189, '14104977', 'Попов Олександр Олександрович', '', '', '', 0, 0, 2, 3673, 5, 0),
(190, '14104972', 'Діденко Людмила Іванівна', '', '', '', 0, 0, 2, 3677, 5, 0),
(191, '14104575', 'Свистюла Олег Вікторович', '', '', '', 0, 0, 2, 3284, 5, 0),
(192, '14104715', 'Кириленко Оксана Василівна', '', '', '', 0, 0, 2, 3372, 5, 0),
(193, '14104761', 'Іванов Володимир Андрійович', '', '', '', 0, 0, 2, 3408, 5, 0),
(194, '14100472', 'Атаманюк Світлана Валентинівна', '', '', '', 0, 0, 2, 1957, 5, 0),
(195, '14104151', 'Смуровський Євген Володимирович', '', '', '', 0, 0, 2, 2844, 5, 0),
(196, '14104185', 'Сень Світлана Миколаївна', '', '', '', 0, 0, 2, 2881, 5, 0),
(197, '14104307', 'Конон Владислав Вікторович', '', '', '', 0, 0, 2, 3002, 5, 0),
(198, '14100584', 'Салівон Володимир Опанасович', '', '', '', 0, 0, 2, 1212, 5, 0),
(199, '14102791', 'Ситник Альона Миколаївна', '', '', '', 0, 0, 5, 1260, 5, 0),
(200, '14103119', 'Скирта Тетяна Іванівна', '', '', '', 0, 0, 2, 1280, 5, 0),
(201, '14100598', 'Сюр Світлана Сергіївна', '', '', '', 0, 0, 6, 1346, 5, 0),
(202, '14100599', 'Тертична Світлана Миколаївна', '', '', '', 0, 0, 2, 1360, 5, 0),
(203, '14100607', 'Шарунова Людмила Степанівна', '', '', '', 0, 0, 2, 1506, 5, 0),
(204, '14103125', 'Кондрашевська Лідія Василівна', '', '', '', 0, 0, 2, 622, 5, 0),
(205, '14100830', 'Ланова Тетяна Петрівна', '', '', '', 0, 0, 2, 754, 5, 0),
(206, '14102046', 'Мальченко Сергій Миколайович', '', '', '', 0, 0, 2, 836, 5, 0),
(207, '14102248', 'Миколаєнко Ганна Володимирівна', '', '', '', 0, 0, 2, 882, 5, 0),
(208, '14102119', 'Патук Сергій Іванович', '', '', '', 0, 0, 2, 1047, 5, 0),
(209, '14100497', 'Пипко Тетяна Володимирівна', '', '', '', 0, 0, 2, 1086, 5, 0),
(210, '14100510', 'Дмитренко Тетяна Федорівна', '', '', '', 0, 0, 2, 389, 5, 0),
(211, '14102571', 'Александренко Тетяна Михайлівна', '', '', '', 0, 0, 2, 4, 5, 0),
(212, '14100550', 'Макаренко Тетяна Петрівна', '', '', '', 0, 0, 2, 828, 5, 0),
(213, '14102849', 'Гида Олена Володимирівна', '', '', '', 0, 0, 2, 251, 5, 0),
(214, '14100487', 'Булавчик Олександр Миколайович', '', '', '', 0, 0, 2, 162, 5, 0),
(215, '14104183', 'Семенчукова Галина Григорівна', '', '', '', 0, 0, 2, 2885, 10, 0),
(216, '14104340', 'Кадюк Микола Володимирович', '', '', '', 0, 0, 2, 3050, 10, 0),
(217, '14104734', 'Гандзюк Микита Олегович', '', '', '', 0, 0, 2, 3393, 10, 0),
(218, '14105662', 'Михайленко Анна Ігорівна', '', '', '', 0, 0, 3, 4288, 10, 0),
(219, '14105381', 'Самойленко Олександр Іванович', '', '', '', 0, 0, 7, 3998, 10, 0),
(220, '4000000009', 'Петрова Людмила Михайлівна', '', '', '', 0, 0, 3, 4028, 10, 0),
(221, '14105412', 'Левченко Дмитро Олександрович', '', '', '', 0, 0, 7, 4030, 10, 0),
(222, '14105432', 'Новак Ніна Миколаївна', '', '', '', 0, 0, 2, 4051, 10, 0),
(223, '14105565', 'Рибак Валентина Анатоліївна', '', '', '', 0, 0, 3, 4189, 10, 0),
(224, '14105236', 'Турченко Тетяна Сергіївна', '', '', '', 0, 0, 2, 3842, 10, 0),
(225, '14105321', 'Галілейська Людмила Валеріївна', '', '', '', 0, 0, 2, 3935, 10, 0),
(226, '14105329', 'Хряпа Валентина Михайлівна', '', '', '', 0, 0, 2, 3944, 10, 0),
(227, '14104671', 'Максименко Людмила Володимирівна', '', '', '', 0, 0, 2, 3397, 10, 0),
(228, '14104693', 'Сольська Галина Юріївна', '', '', '', 0, 0, 2, 3405, 10, 0),
(229, '14104870', 'Драб Алла Миколаївна', '', '', '', 0, 0, 2, 3582, 10, 0),
(230, '14104916', 'Афанасова Світлана Михайлівна', '', '', '', 0, 0, 2, 3617, 10, 0),
(231, '14105031', 'Сушениця Валентина Іванівна', '', '', '', 0, 0, 2, 3737, 10, 0),
(232, '14104696', 'Хохлов Олександр Володимирович', '', '', '', 0, 0, 2, 3406, 10, 0),
(233, '14105444', 'Миненко Ірина Іванівна', '', '', '', 0, 0, 3, 4063, 10, 0),
(234, '14105446', 'Іванюта Валентина Петрівна', '', '', '', 0, 0, 3, 4065, 10, 0),
(235, '14105447', 'Тонконог Юлія Петрівна', '', '', '', 0, 0, 3, 4066, 10, 0),
(236, '14105453', 'Боговська Ірина Борисівна', '', '', '', 0, 0, 3, 4072, 10, 0),
(237, '14105457', 'Ляшко Кароліна Василівна', '', '', '', 0, 0, 3, 4076, 10, 0),
(238, '14105461', 'Гловацька Катерина Андріївна', '', '', '', 0, 0, 3, 4080, 10, 0),
(239, '14105463', 'Панченко Вікторія Василівна', '', '', '', 0, 0, 3, 4082, 10, 0),
(240, '14100919', 'Жигун Наталія Миколаївна', '', '', '', 0, 0, 2, 434, 10, 0),
(241, '14103649', 'Архипюк Олена Миколаївна', '', '', '', 0, 0, 2, 550, 10, 0),
(242, '14102910', 'Кот Володимир Миколайович', '', '', '', 0, 0, 2, 667, 10, 0),
(243, '14102915', 'Лапко Наталія Миколаївна', '', '', '', 0, 0, 2, 758, 10, 0),
(244, '14101631', 'Масловська Леся Анатоліївна', '', '', '', 0, 0, 6, 861, 10, 0),
(245, '14105641', 'Зибіна Марина Олександрівна', '', '', '', 0, 0, 3, 4268, 10, 0),
(246, '14105375', 'Воронова Любов Андріївна', '', '', '', 0, 0, 7, 3993, 10, 0),
(247, '14105383', 'Мироненко Аліна Григорівна', '', '', '', 0, 0, 7, 4000, 10, 0),
(248, '14105405', 'Лещенко Анна Сергіївна', '', '', '', 0, 0, 7, 4022, 10, 0),
(249, '14105417', 'Байрамова Олена Афганівна', '', '', '', 0, 0, 7, 4035, 10, 0),
(250, '14105464', 'Пабат Надія Василівна', '', '', '', 0, 0, 3, 4083, 10, 0),
(251, '14105099', 'Вольська Оксана Анатоліївна', '', '', '', 0, 0, 2, 3807, 10, 0),
(252, '14105102', 'Батюк Валентина Іванівна', '', '', '', 0, 0, 2, 3808, 10, 0),
(253, '14105224', 'Мороховський Олександр Анатолійович', '', '', '', 0, 0, 2, 3828, 10, 0),
(254, '14105294', 'Ярмоліч Тамара Іванівна', '', '', '', 0, 0, 2, 3907, 10, 0),
(255, '14104814', 'Рощепій Сергій Миколайович', '', '', '', 0, 0, 7, 3520, 10, 0),
(256, '14104942', 'Мірошніченко Мирослав Юрійович', '', '', '', 0, 0, 2, 3648, 10, 0),
(257, '14105040', 'Купрієнко Артем Олегович', '', '', '', 0, 0, 7, 3747, 10, 0),
(258, '14105047', 'Земляна Ірина Антонівна', '', '', '', 0, 0, 2, 3752, 10, 0),
(259, '14105060', 'Варченко Дар\'я Сергіївна', '', '', '', 0, 0, 2, 3766, 10, 0),
(260, '14104652', 'Шуст Григорій Олександрович', '', '', '', 0, 0, 7, 3360, 10, 0),
(261, '14104760', 'Коломієць Тетяна Миколаївна', '', '', '', 0, 0, 2, 3457, 10, 0),
(262, '14104306', 'Мірошніченко Богдан Юрійович', '', '', '', 0, 0, 2, 3000, 10, 0),
(263, '14104386', 'Оряп Максим Миколайович', '', '', '', 0, 0, 2, 3062, 10, 0),
(264, '14104474', 'Сідько Тетяна Віталіївна', '', '', '', 0, 0, 2, 3178, 10, 0),
(265, '14104529', 'Даценко Ірина Ростиславівна', '', '', '', 0, 0, 2, 3237, 10, 0),
(266, '14102660', 'Прокопець Юлія Миколаївна', '', '', '', 0, 0, 2, 1137, 10, 0),
(267, '14102061', 'Рудич Надія Григорівна', '', '', '', 0, 0, 7, 1186, 10, 0),
(268, '14101636', 'Ярошенко Надія Григорівна', '', '', '', 0, 0, 2, 1602, 10, 0),
(269, '14102642', 'Мартиненко Олексій Миколайович', '', '', '', 0, 0, 2, 2175, 10, 0),
(270, '14104268', 'Шибаєв Володимир Миколайович', '', '', '', 0, 0, 2, 2965, 10, 0),
(271, '14103061', 'Музика Ірина Геннадіївна', '', '', '', 0, 0, 2, 84, 10, 0),
(272, '14101211', 'Федченко Інна Володимирівна', '', '', '', 0, 0, 2, 731, 10, 0),
(273, '14102560', 'Неход Тетяна Володимирівна', '', '', '', 0, 0, 2, 964, 10, 0),
(274, '14103120', 'Романченко Світлана Миколаївна', '', '', '', 0, 0, 6, 1177, 10, 0),
(275, '14102747', 'Соколова Тетяна Миколаївна', '', '', '', 0, 0, 2, 1300, 10, 0),
(276, '14103083', 'Тонконог Валентина Петрівна', '', '', '', 0, 0, 2, 1378, 10, 0),
(277, '14105238', 'Дудар Володимир Іванович', '', '', '', 0, 0, 2, 3844, 10, 0),
(278, '14105299', 'Третяк Михайло Андрійович', '', '', '', 0, 0, 7, 3910, 10, 0),
(279, '14105388', 'Грищенко Надія Іванівна', '', '', '', 0, 0, 7, 4005, 10, 0),
(280, '14105442', 'Олійник Людмила Григорівна', '', '', '', 0, 0, 3, 4061, 10, 0),
(281, '14104780', 'Могильна Надія Михайлівна', '', '', '', 0, 0, 2, 3481, 10, 0),
(282, '14104811', 'Чернишова Наталія Володимирівна', '', '', '', 0, 0, 2, 3521, 10, 0),
(283, '14104846', 'Шуст Наталія Миколаївна', '', '', '', 0, 0, 2, 3529, 10, 0),
(284, '14105097', 'Бондаренко Людмила Леонідівна', '', '', '', 0, 0, 2, 3804, 10, 0),
(285, '14104610', 'Коваленко Віктор Григорович', '', '', '', 0, 0, 2, 3315, 10, 0),
(286, '14103375', 'Фабер Світлана Григорівна', '', '', '', 0, 0, 2, 1401, 10, 0),
(287, '14102261', 'Харченко Парасковія Федорівна', '', '', '', 0, 0, 2, 1430, 10, 0),
(288, '14101766', 'Шуст Валентина Петрівна', '', '', '', 0, 0, 2, 1564, 10, 0),
(289, '14102645', 'Бойко Олена Петрівна', '', '', '', 0, 0, 2, 2200, 10, 0),
(290, '14104075', 'Єфіменко Тетяна Василівна', '', '', '', 0, 0, 2, 2761, 10, 0),
(291, '14104274', 'Ріпа Володимир Миколайович', '', '', '', 0, 0, 2, 2964, 10, 0),
(292, '14100900', 'Білич Галина Миколаївна', '', '', '', 0, 0, 2, 79, 10, 0),
(293, '14100904', 'Бугаєнко Валентина Миколаївна', '', '', '', 0, 0, 2, 158, 10, 0),
(294, '14103174', 'Вовкодав Світлана Миколаївна', '', '', '', 0, 0, 2, 199, 10, 0),
(295, '14100514', 'Долотов Олександр Вікторович', '', '', '', 0, 0, 2, 397, 10, 0),
(296, '14100930', 'Конон Віктор Володимирович', '', '', '', 0, 0, 2, 627, 10, 0),
(297, '14105346', 'Джулай Вікторія Василівна', '', '', '', 0, 0, 2, 3961, 10, 0),
(298, '14105364', 'Шелест Валентина Пилипівна', '', '', '', 0, 0, 7, 3982, 10, 0),
(299, '14105379', 'Масіч Тетяна Миколаївна', '', '', '', 0, 0, 7, 3996, 10, 0),
(300, '14104862', 'Бишовець Лідія Петрівна', '', '', '', 0, 0, 2, 3581, 10, 0),
(301, '14104950', 'Жукова Олена Володимирівна', '', '', '', 0, 0, 2, 3656, 10, 0),
(302, '14105050', 'Музиченко Віта Олексіївна', '', '', '', 0, 0, 2, 3753, 10, 0),
(303, '14105074', 'Іонін Ігор Анатолійович', '', '', '', 0, 0, 7, 3781, 10, 0),
(304, '14105204', 'Петровчук Надія Вікторівна', '', '', '', 0, 0, 2, 3810, 10, 0),
(305, '14104632', 'Домарацький Вадим Валерійович', '', '', '', 0, 0, 2, 3335, 10, 0),
(306, '14104762', 'Іваницький Сергій Анатолійович', '', '', '', 0, 0, 7, 3464, 10, 0),
(307, '14104802', 'Куліш Ірина Іванівна', '', '', '', 0, 0, 2, 3512, 10, 0),
(308, '14104872', 'Ландар Людмила Василівна', '', '', '', 0, 0, 2, 3574, 10, 0),
(309, '14104871', 'Івасенко Тамара Олександрівна', '', '', '', 0, 0, 2, 3575, 10, 0),
(310, '14104279', 'Януш Євгеній Ростиславович', '', '', '', 0, 0, 2, 2976, 10, 0),
(311, '14104287', 'Сластьон Петро Григорович', '', '', '', 0, 0, 2, 2985, 10, 0),
(312, '14104282', 'Корсак Наталія Миколаївна', '', '', '', 0, 0, 2, 2987, 10, 0),
(313, '14103247', 'Лученкова Оксана Яківна', '', '', '', 0, 0, 2, 807, 10, 0),
(314, '14100940', 'Неровна Наталія Володимирівна', '', '', '', 0, 0, 6, 958, 10, 0),
(315, '14101903', 'Протасова Василина Василівна', '', '', '', 0, 0, 2, 1139, 10, 0),
(316, '14102178', 'Ромашко Віра Михайлівна', '', '', '', 0, 0, 2, 1179, 10, 0),
(317, '14104139', 'Шульга Анатолій Михайлович', '', '', '', 0, 0, 2, 2835, 10, 0),
(318, '14101843', 'Багнюк Інна Миколаївна', '', '', '', 0, 0, 2, 32, 10, 0),
(319, '14102462', 'Юхименко Юлія Вікторівна', '', '', '', 0, 0, 2, 311, 10, 0),
(320, '14102006', 'Забоцька Світлана Дмитрівна', '', '', '', 0, 0, 2, 448, 10, 0),
(321, '14101967', 'Коваль Людмила Михайлівна', '', '', '', 0, 0, 2, 585, 10, 0),
(322, '14105363', 'Кострикіна Катерина Сергіївна', '', '', '', 0, 0, 2, 3981, 10, 0),
(323, '14105386', 'Ястреб Ірина Іванівна', '', '', '', 0, 0, 7, 4003, 10, 0),
(324, '14105445', 'Фляйшер Ольга Михайлівна', '', '', '', 0, 0, 7, 4064, 10, 0),
(325, '14105489', 'Корнієнко Світлана Анатоліївна', '', '', '', 0, 0, 2, 4112, 10, 0),
(326, '14105491', 'Макаренко Олександр Сергійович', '', '', '', 0, 0, 2, 4114, 10, 0),
(327, '14105038', 'Сокирко Алла Яківна', '', '', '', 0, 0, 2, 3740, 10, 0),
(328, '14105360', 'Лахметкіна Лариса Василівна', '', '', '', 0, 0, 7, 3977, 10, 0),
(329, '14104127', 'Яремчук Віта Жоржівна', '', '', '', 0, 0, 2, 2818, 10, 0),
(330, '14104255', 'Прокопець Тетяна Миколаївна', '', '', '', 0, 0, 2, 2958, 10, 0),
(331, '14104305', 'Ріпа Борис Іванович', '', '', '', 0, 0, 2, 3008, 10, 0),
(332, '14104458', 'Отрішко Любов Володимирівна', '', '', '', 0, 0, 2, 3157, 10, 0),
(333, '14104531', 'Демченко Олена Анатоліївна', '', '', '', 0, 0, 2, 3231, 10, 0),
(334, '14100957', 'Ситник Валентина Миколаївна', '', '', '', 0, 0, 2, 1261, 10, 0),
(335, '14100905', 'Сіренко Віта Михайлівна', '', '', '', 0, 0, 2, 1275, 10, 0),
(336, '14102504', 'Теремко Євдокія Василівна', '', '', '', 0, 0, 2, 1355, 10, 0),
(337, '14103418', 'Коваленко Тетяна Володимирівна', '', '', '', 0, 0, 2, 1418, 10, 0),
(338, '14102263', 'Чвертко Ірина В`ячеславівна', '', '', '', 0, 0, 2, 2176, 10, 0),
(339, '14100349', 'Нагорна Валентина Володимирівна', '', '', '', 0, 0, 2, 2485, 10, 0),
(340, '14102427', 'Лисенко Любов Василівна', '', '', '', 0, 0, 2, 776, 10, 0),
(341, '14103032', 'Божок Алла Миколаївна', '', '', '', 0, 0, 6, 781, 10, 0),
(342, '14100074', 'Мамась Людмила Дмитрівна', '', '', '', 0, 0, 2, 839, 10, 0),
(343, '14101714', 'Мозгова Ольга Олексіївна', '', '', '', 0, 0, 2, 906, 10, 0),
(344, '14100941', 'Нечипоренко Валентина Анатоліївна', '', '', '', 0, 0, 2, 965, 10, 0),
(345, '14105529', 'Кабанець Максим Сергійович', '', '', '', 0, 0, 2, 4134, 10, 0),
(346, '14105632', 'Данильченко Ніна Михайлівна', '', '', '', 0, 0, 3, 4259, 10, 0),
(347, '4000000010', 'Мазуренко Олександр Георгійович', '', '', '', 0, 0, 3, 3969, 10, 0),
(348, '14104666', 'Зеленський Руслан Васильович', '', '', '', 0, 0, 3, 3365, 10, 0),
(349, '14104513', 'Ведмідь Сергій Вікторович', '', '', '', 0, 0, 2, 3216, 10, 0),
(350, '14105649', 'Конон Марина Андріївна', '', '', '', 0, 0, 3, 4276, 10, 0),
(351, '14104863', 'Драчевич Марина Олегівна', '', '', '', 0, 0, 7, 3579, 10, 0),
(352, '14105650', 'Заволова Оксана Григорівна', '', '', '', 0, 0, 3, 4277, 10, 0),
(353, '4000000008', 'Мазуренко Олександр Георгійович', '', '', '', 0, 0, 3, 3967, 10, 0),
(356, '1', '1', NULL, NULL, NULL, 0, NULL, 6, NULL, 0, 0),
(357, '1', '1', NULL, NULL, NULL, 0, NULL, 2, NULL, 0, 0),
(373, 'й', 'й', NULL, NULL, NULL, 0, NULL, 3, NULL, 2, 0),
(374, 'ц', 'ц', NULL, NULL, NULL, 0, NULL, 5, NULL, 2, 0);

-- --------------------------------------------------------

--
-- Структура таблиці `regim_work`
--

DROP TABLE IF EXISTS `regim_work`;
CREATE TABLE `regim_work` (
  `id` int(11) NOT NULL,
  `name_regim` varchar(100) NOT NULL
) ENGINE=InnoDB DEFAULT CHARSET=utf8;

--
-- Дамп даних таблиці `regim_work`
--

INSERT INTO `regim_work` (`id`, `name_regim`) VALUES
(1, 'Бригада'),
(2, 'Особисто');

-- --------------------------------------------------------

--
-- Структура таблиці `rm`
--

DROP TABLE IF EXISTS `rm`;
CREATE TABLE `rm` (
  `id` int(11) NOT NULL,
  `name_rm` varchar(255) NOT NULL,
  `id_regim` int(11) NOT NULL,
  `id_post` int(11) NOT NULL,
  `id_pidr` int(11) NOT NULL
) ENGINE=InnoDB DEFAULT CHARSET=utf8;

--
-- Дамп даних таблиці `rm`
--

INSERT INTO `rm` (`id`, `name_rm`, `id_regim`, `id_post`, `id_pidr`) VALUES
(3, 'Обмін КМД', 1, 4, 5),
(7, 'Обмін пошти', 1, 4, 5),
(8, 'Транзитний сектор', 1, 4, 5);

-- --------------------------------------------------------

--
-- Структура таблиці `rm_normu`
--

DROP TABLE IF EXISTS `rm_normu`;
CREATE TABLE `rm_normu` (
  `id_normu` int(11) NOT NULL,
  `id_rm` int(11) NOT NULL
) ENGINE=InnoDB DEFAULT CHARSET=utf8;

--
-- Дамп даних таблиці `rm_normu`
--

INSERT INTO `rm_normu` (`id_normu`, `id_rm`) VALUES
(3, 7),
(5, 3),
(6, 7),
(7, 8),
(10, 3);

-- --------------------------------------------------------

--
-- Структура таблиці `rm_prac`
--

DROP TABLE IF EXISTS `rm_prac`;
CREATE TABLE `rm_prac` (
  `id_prac` int(11) NOT NULL,
  `id_rm` int(11) NOT NULL,
  `id_brig` int(11) NOT NULL,
  `id_graf` int(11) NOT NULL,
  `is_brigadir` int(11) NOT NULL DEFAULT '0'
) ENGINE=InnoDB DEFAULT CHARSET=utf8;

--
-- Дамп даних таблиці `rm_prac`
--

INSERT INTO `rm_prac` (`id_prac`, `id_rm`, `id_brig`, `id_graf`, `is_brigadir`) VALUES
(1, 3, 18, 0, 1),
(2, 3, 18, 0, 0),
(3, 7, 18, 0, 0);

-- --------------------------------------------------------

--
-- Структура таблиці `roles`
--

DROP TABLE IF EXISTS `roles`;
CREATE TABLE `roles` (
  `id` int(11) NOT NULL,
  `namer` varchar(100) NOT NULL,
  `coder` int(11) NOT NULL,
  `component` varchar(225) NOT NULL
) ENGINE=InnoDB DEFAULT CHARSET=utf8;

--
-- Дамп даних таблиці `roles`
--

INSERT INTO `roles` (`id`, `namer`, `coder`, `component`) VALUES
(1, 'Адміністрування', 1, 'Admin'),
(2, 'Табелювання', 2, 'Reporting'),
(3, 'Довідники', 3, 'Dovidnuk');

-- --------------------------------------------------------

--
-- Структура таблиці `type_post`
--

DROP TABLE IF EXISTS `type_post`;
CREATE TABLE `type_post` (
  `id` int(11) NOT NULL,
  `name_post` varchar(100) NOT NULL
) ENGINE=InnoDB DEFAULT CHARSET=utf8;

--
-- Дамп даних таблиці `type_post`
--

INSERT INTO `type_post` (`id`, `name_post`) VALUES
(1, 'Посилки'),
(2, 'Письмова кореспонденція'),
(3, 'Листи'),
(4, 'Всі види пошти');

-- --------------------------------------------------------

--
-- Структура таблиці `users`
--

DROP TABLE IF EXISTS `users`;
CREATE TABLE `users` (
  `id` int(11) NOT NULL,
  `name_user` varchar(255) NOT NULL,
  `login` varchar(50) NOT NULL,
  `password` varchar(50) NOT NULL,
  `ispro_rcd` int(11) DEFAULT NULL
) ENGINE=InnoDB DEFAULT CHARSET=utf8;

--
-- Дамп даних таблиці `users`
--

INSERT INTO `users` (`id`, `name_user`, `login`, `password`, `ispro_rcd`) VALUES
(1, 'Шушкевич І.В.', 'shushkevych-iv', 'c4ca4238a0b923820dcc509a6f75849b', NULL),
(8, 'Харченко Олена Василівна', 'tab02', 'c81e728d9d4c2f636f067f89cc14862c', 10),
(10, 'Братейко Марианна Богдановна', 'tab03', '', 11),
(11, 'Старченко Тетяна Миколаївна', 'tab06', '', 13),
(12, 'Шихненко Тамара Миколаївна', 'tab07', '', 14),
(20, 'Козоріз Ірина Миколаївна', 'tab20', '', 27),
(21, 'Администратор ЦИТ', 'adm3', '70f96e42b0b95a722ba506f3db445ad0', 29),
(22, 'Костецька Ольга Анатоліївна', 'Nach_OTZ', '', 31),
(23, 'Мамай Ірина Володимирівна', 'OTZ_01', '', 32),
(24, 'Яковлева Надія Володимирівна', 'OTZ_02', '', 33),
(27, 'Куць Людмила Вікторівна', 'Kuz', '', 39),
(28, 'Малько Тетяна Антонівна', 'Malko', '', 40),
(31, 'Лисиця Надія Миколаївна', 'tab25', '', 43),
(32, 'Унинець Олена Миколаївна', 'tab151', '', 44),
(35, 'Петькова Наталія Іванівна', 'tab10', '', 50),
(36, 'Жувак Ольга Андріївна', 'tab11', '', 51),
(38, 'Голяр Анна Іллівна', 'OTZ_03', '', 53),
(40, 'Шутько Тетяна Володимирівна', 'OTZ_04', '', 55),
(41, 'Булавчик Яна Анатоліївна', 'tab031', '', 58),
(42, 'Ситнік Василь Валентинович', 'tab083', '', 61),
(44, 'Юрченко Дмитро Олександрович', 'tab084', '', 62),
(46, 'Загіка Ганна Володимирівна', 'tab086', '', 64),
(47, 'Гендирекция', 'GD', '56a036735e46821195a55359c5ad144f', 66),
(48, 'Адміністратор', '1', 'c4ca4238a0b923820dcc509a6f75849b', NULL);

-- --------------------------------------------------------

--
-- Структура таблиці `user_access`
--

DROP TABLE IF EXISTS `user_access`;
CREATE TABLE `user_access` (
  `id_user` int(11) NOT NULL,
  `id_access` int(11) NOT NULL
) ENGINE=InnoDB DEFAULT CHARSET=utf8;

--
-- Дамп даних таблиці `user_access`
--

INSERT INTO `user_access` (`id_user`, `id_access`) VALUES
(1, 2);

-- --------------------------------------------------------

--
-- Структура таблиці `user_pidr`
--

DROP TABLE IF EXISTS `user_pidr`;
CREATE TABLE `user_pidr` (
  `id_user` int(11) NOT NULL,
  `id_pidr` int(11) NOT NULL
) ENGINE=InnoDB DEFAULT CHARSET=utf8;

--
-- Дамп даних таблиці `user_pidr`
--

INSERT INTO `user_pidr` (`id_user`, `id_pidr`) VALUES
(1, 5),
(48, 1),
(48, 2),
(48, 3),
(48, 5),
(48, 6),
(48, 7),
(48, 10),
(48, 14),
(48, 21),
(48, 23),
(48, 25),
(48, 30),
(48, 36);

-- --------------------------------------------------------

--
-- Структура таблиці `user_role`
--

DROP TABLE IF EXISTS `user_role`;
CREATE TABLE `user_role` (
  `id_user` int(11) NOT NULL,
  `id_role` int(11) NOT NULL
) ENGINE=InnoDB DEFAULT CHARSET=utf8;

--
-- Дамп даних таблиці `user_role`
--

INSERT INTO `user_role` (`id_user`, `id_role`) VALUES
(1, 1),
(1, 2),
(1, 3),
(48, 1),
(48, 2),
(48, 3);

--
-- Індекси збережених таблиць
--

--
-- Індекси таблиці `accesses`
--
ALTER TABLE `accesses`
  ADD PRIMARY KEY (`id`);

--
-- Індекси таблиці `brigada`
--
ALTER TABLE `brigada`
  ADD PRIMARY KEY (`id`);

--
-- Індекси таблиці `buttons`
--
ALTER TABLE `buttons`
  ADD PRIMARY KEY (`id`);

--
-- Індекси таблиці `dovidnuku`
--
ALTER TABLE `dovidnuku`
  ADD PRIMARY KEY (`id`);

--
-- Індекси таблиці `dov_button`
--
ALTER TABLE `dov_button`
  ADD PRIMARY KEY (`id_dov`,`id_button`);

--
-- Індекси таблиці `dov_ispro`
--
ALTER TABLE `dov_ispro`
  ADD PRIMARY KEY (`id`);

--
-- Індекси таблиці `dov_ispro_param`
--
ALTER TABLE `dov_ispro_param`
  ADD PRIMARY KEY (`id`);

--
-- Індекси таблиці `dov_ispro_where`
--
ALTER TABLE `dov_ispro_where`
  ADD PRIMARY KEY (`id`);

--
-- Індекси таблиці `dov_table`
--
ALTER TABLE `dov_table`
  ADD PRIMARY KEY (`id`);

--
-- Індекси таблиці `dov_user_select`
--
ALTER TABLE `dov_user_select`
  ADD PRIMARY KEY (`id`);

--
-- Індекси таблиці `normu`
--
ALTER TABLE `normu`
  ADD PRIMARY KEY (`id`);

--
-- Індекси таблиці `odvumir`
--
ALTER TABLE `odvumir`
  ADD PRIMARY KEY (`id`);

--
-- Індекси таблиці `pidrozdil`
--
ALTER TABLE `pidrozdil`
  ADD PRIMARY KEY (`id`);

--
-- Індекси таблиці `posada`
--
ALTER TABLE `posada`
  ADD PRIMARY KEY (`id`);

--
-- Індекси таблиці `pracivnuku`
--
ALTER TABLE `pracivnuku`
  ADD PRIMARY KEY (`id`);

--
-- Індекси таблиці `regim_work`
--
ALTER TABLE `regim_work`
  ADD PRIMARY KEY (`id`);

--
-- Індекси таблиці `rm`
--
ALTER TABLE `rm`
  ADD PRIMARY KEY (`id`);

--
-- Індекси таблиці `rm_normu`
--
ALTER TABLE `rm_normu`
  ADD PRIMARY KEY (`id_normu`,`id_rm`);

--
-- Індекси таблиці `rm_prac`
--
ALTER TABLE `rm_prac`
  ADD PRIMARY KEY (`id_prac`,`id_rm`);

--
-- Індекси таблиці `roles`
--
ALTER TABLE `roles`
  ADD PRIMARY KEY (`id`);

--
-- Індекси таблиці `type_post`
--
ALTER TABLE `type_post`
  ADD PRIMARY KEY (`id`);

--
-- Індекси таблиці `users`
--
ALTER TABLE `users`
  ADD PRIMARY KEY (`id`);

--
-- Індекси таблиці `user_access`
--
ALTER TABLE `user_access`
  ADD PRIMARY KEY (`id_user`,`id_access`);

--
-- Індекси таблиці `user_pidr`
--
ALTER TABLE `user_pidr`
  ADD PRIMARY KEY (`id_user`,`id_pidr`);

--
-- Індекси таблиці `user_role`
--
ALTER TABLE `user_role`
  ADD PRIMARY KEY (`id_user`,`id_role`);

--
-- AUTO_INCREMENT для збережених таблиць
--

--
-- AUTO_INCREMENT для таблиці `accesses`
--
ALTER TABLE `accesses`
  MODIFY `id` int(11) NOT NULL AUTO_INCREMENT, AUTO_INCREMENT=4;

--
-- AUTO_INCREMENT для таблиці `brigada`
--
ALTER TABLE `brigada`
  MODIFY `id` int(11) NOT NULL AUTO_INCREMENT, AUTO_INCREMENT=21;

--
-- AUTO_INCREMENT для таблиці `buttons`
--
ALTER TABLE `buttons`
  MODIFY `id` int(11) NOT NULL AUTO_INCREMENT, AUTO_INCREMENT=8;

--
-- AUTO_INCREMENT для таблиці `dovidnuku`
--
ALTER TABLE `dovidnuku`
  MODIFY `id` int(11) NOT NULL AUTO_INCREMENT, AUTO_INCREMENT=15;

--
-- AUTO_INCREMENT для таблиці `dov_ispro`
--
ALTER TABLE `dov_ispro`
  MODIFY `id` int(11) NOT NULL AUTO_INCREMENT, AUTO_INCREMENT=13;

--
-- AUTO_INCREMENT для таблиці `dov_ispro_param`
--
ALTER TABLE `dov_ispro_param`
  MODIFY `id` int(11) NOT NULL AUTO_INCREMENT, AUTO_INCREMENT=5;

--
-- AUTO_INCREMENT для таблиці `dov_ispro_where`
--
ALTER TABLE `dov_ispro_where`
  MODIFY `id` int(11) NOT NULL AUTO_INCREMENT, AUTO_INCREMENT=5;

--
-- AUTO_INCREMENT для таблиці `dov_table`
--
ALTER TABLE `dov_table`
  MODIFY `id` int(11) NOT NULL AUTO_INCREMENT, AUTO_INCREMENT=47;

--
-- AUTO_INCREMENT для таблиці `dov_user_select`
--
ALTER TABLE `dov_user_select`
  MODIFY `id` int(11) NOT NULL AUTO_INCREMENT, AUTO_INCREMENT=6;

--
-- AUTO_INCREMENT для таблиці `normu`
--
ALTER TABLE `normu`
  MODIFY `id` int(11) NOT NULL AUTO_INCREMENT, AUTO_INCREMENT=11;

--
-- AUTO_INCREMENT для таблиці `odvumir`
--
ALTER TABLE `odvumir`
  MODIFY `id` int(11) NOT NULL AUTO_INCREMENT, AUTO_INCREMENT=4;

--
-- AUTO_INCREMENT для таблиці `pidrozdil`
--
ALTER TABLE `pidrozdil`
  MODIFY `id` int(11) NOT NULL AUTO_INCREMENT, AUTO_INCREMENT=38;

--
-- AUTO_INCREMENT для таблиці `posada`
--
ALTER TABLE `posada`
  MODIFY `id` int(11) NOT NULL AUTO_INCREMENT, AUTO_INCREMENT=7;

--
-- AUTO_INCREMENT для таблиці `pracivnuku`
--
ALTER TABLE `pracivnuku`
  MODIFY `id` int(11) NOT NULL AUTO_INCREMENT, AUTO_INCREMENT=375;

--
-- AUTO_INCREMENT для таблиці `regim_work`
--
ALTER TABLE `regim_work`
  MODIFY `id` int(11) NOT NULL AUTO_INCREMENT, AUTO_INCREMENT=3;

--
-- AUTO_INCREMENT для таблиці `rm`
--
ALTER TABLE `rm`
  MODIFY `id` int(11) NOT NULL AUTO_INCREMENT, AUTO_INCREMENT=9;

--
-- AUTO_INCREMENT для таблиці `roles`
--
ALTER TABLE `roles`
  MODIFY `id` int(11) NOT NULL AUTO_INCREMENT, AUTO_INCREMENT=4;

--
-- AUTO_INCREMENT для таблиці `type_post`
--
ALTER TABLE `type_post`
  MODIFY `id` int(11) NOT NULL AUTO_INCREMENT, AUTO_INCREMENT=5;

--
-- AUTO_INCREMENT для таблиці `users`
--
ALTER TABLE `users`
  MODIFY `id` int(11) NOT NULL AUTO_INCREMENT, AUTO_INCREMENT=49;
COMMIT;

/*!40101 SET CHARACTER_SET_CLIENT=@OLD_CHARACTER_SET_CLIENT */;
/*!40101 SET CHARACTER_SET_RESULTS=@OLD_CHARACTER_SET_RESULTS */;
/*!40101 SET COLLATION_CONNECTION=@OLD_COLLATION_CONNECTION */;
